<?xml version="1.0" encoding="utf-8"?>
<!-- yet another config -->
<generator>
	<bean fileNameAppend="" fileType="cfc" templateType="cfm">
		<include file="setMemento.cfm" />
		<include file="validate.cfm" />
		<include file="getset.cfm" />
		<include file="dump.cfm" />
	</bean>
	<dao fileNameAppend="DAO" filetype="cfc" templateType="cfm">
		<include file="create.cfm" />
		<include file="read.cfm" />
		<include file="update.cfm" />
		<include file="delete.cfm" />
		<include file="exists.cfm" />
		<include file="save.cfm" />
		<include file="queryRowToStruct.cfm" />
	</dao>
	<gateway filetype="cfc" templateType="cfm">
		<include file="getByAttributesQuery.cfm" />
		<include file="getByAttributes.cfm" />
		<include file="queryRowToStruct.cfm" />
	</gateway>
	<service filetype="cfc" templateType="cfm">
		<include file="createBean.cfm" />
		<include file="getBean.cfm" />
		<include file="getBeans.cfm" />
		<include file="saveBean.cfm" />
		<include file="deleteBean.cfm" />
	</service>
	<to filetype="cfc" templateType="cfm" />
	<coldspring filetype="xml" templateType="cfm" />
	<VO filetype="as" templateType="cfm" />
</generator>