<?xml version="1.0" encoding="utf-8"?>
<!-- yet another config -->
<generator>
	<gateway fileType="cfc">
		<include file="getByAttributesQuery.xsl" />
		<include file="getByAttributes.xsl" />
	</gateway>
	<service fileType="cfc">
		<include file="createBean.xsl" />
		<include file="getBean.xsl" />
		<include file="getBeans.xsl" />
		<include file="saveBean.xsl" />
		<include file="deleteBean.xsl" />
	</service>
	<decorator fileType="cfc" fileNameAppend="">
		<include file="validate.xsl" />
	</decorator>
	<transfer fileType="xml" />
	<coldspring fileType="xml" />
</generator>